1,2,How Jacob Collier Found a Key That Doesn't Exist,"Vivamus auctor efficitur velit, eu semper risus varius vel. Phasellus risus lorem, porttitor at elementum nec, aliquet a ex. Suspendisse potenti. Pellentesque dictum lectus eu turpis mattis, congue dictum justo iaculis. Cras vulputate accumsan nisl eget volutpat. Vestibulum ipsum urna, tristique eget quam a, suscipit sagittis turpis. Praesent libero orci, fermentum nec scelerisque varius, sodales scelerisque nisl.  Nulla tristique, leo non dictum pharetra, metus nulla euismod sem, et iaculis orci diam at libero. Phasellus iaculis elementum nibh fringilla vehicula. Proin eget consequat tortor. Nam at nibh vitae libero vulputate venenatis feugiat a massa. Etiam sit amet felis non nunc bibendum hendrerit at quis est. Maecenas vel dui diam. Aliquam varius eros tellus, sit amet pharetra lectus pretium gravida. Donec ligula turpis, finibus non vestibulum a, facilisis eget massa.  Sed finibus ligula id arcu posuere venenatis. Sed in interdum quam. Praesent volutpat cursus justo, id molestie tellus. Vestibulum tincidunt sit amet elit sed aliquet. Maecenas euismod molestie elementum. Nunc suscipit felis nec egestas lobortis. Nulla ut turpis a elit efficitur elementum. Morbi tortor ante, gravida id enim nec, sagittis faucibus ligula. Aliquam bibendum rutrum nulla. Suspendisse vel varius nulla. Pellentesque libero eros, pretium vitae hendrerit vitae, semper ut ex.",2022-04-05 14:27:10
2,4,A guide to contemporary classical music,"Vivamus auctor efficitur velit, eu semper risus varius vel. Phasellus risus lorem, porttitor at elementum nec, aliquet a ex. Suspendisse potenti. Pellentesque dictum lectus eu turpis mattis, congue dictum justo iaculis. Cras vulputate accumsan nisl eget volutpat. Vestibulum ipsum urna, tristique eget quam a, suscipit sagittis turpis. Praesent libero orci, fermentum nec scelerisque varius, sodales scelerisque nisl.  Nulla tristique, leo non dictum pharetra, metus nulla euismod sem, et iaculis orci diam at libero. Phasellus iaculis elementum nibh fringilla vehicula. Proin eget consequat tortor. Nam at nibh vitae libero vulputate venenatis feugiat a massa. Etiam sit amet felis non nunc bibendum hendrerit at quis est. Maecenas vel dui diam. Aliquam varius eros tellus, sit amet pharetra lectus pretium gravida. Donec ligula turpis, finibus non vestibulum a, facilisis eget massa.  Sed finibus ligula id arcu posuere venenatis. Sed in interdum quam. Praesent volutpat cursus justo, id molestie tellus. Vestibulum tincidunt sit amet elit sed aliquet. Maecenas euismod molestie elementum. Nunc suscipit felis nec egestas lobortis. Nulla ut turpis a elit efficitur elementum. Morbi tortor ante, gravida id enim nec, sagittis faucibus ligula. Aliquam bibendum rutrum nulla. Suspendisse vel varius nulla. Pellentesque libero eros, pretium vitae hendrerit vitae, semper ut ex.",2022-04-05 14:27:58
3,3,Why improvisation is the future in an AI-dominated world,"Nulla at nisl purus. Curabitur ut ex lobortis, fringilla enim sed, sagittis massa. Ut ut libero eu eros luctus tincidunt. Nulla mi odio, aliquam id nulla ac, molestie fermentum ligula. Pellentesque vitae orci condimentum sapien rutrum tincidunt. Nam sit amet sapien neque. Maecenas fermentum eros id vehicula vulputate. Proin malesuada tincidunt neque, nec condimentum velit ullamcorper eu. Nunc bibendum sagittis lorem quis euismod. Praesent non arcu a augue cursus eleifend quis at lectus. Sed dignissim posuere sapien eget rutrum. Donec ut blandit est, at commodo ante. Vestibulum sed elit egestas, commodo ligula malesuada, feugiat est. Suspendisse bibendum libero convallis, maximus ex nec, placerat lectus. Proin feugiat feugiat nulla ultrices faucibus.  Vivamus auctor efficitur velit, eu semper risus varius vel. Phasellus risus lorem, porttitor at elementum nec, aliquet a ex. Suspendisse potenti. Pellentesque dictum lectus eu turpis mattis, congue dictum justo iaculis. Cras vulputate accumsan nisl eget volutpat. Vestibulum ipsum urna, tristique eget quam a, suscipit sagittis turpis. Praesent libero orci, fermentum nec scelerisque varius, sodales scelerisque nisl.  Nulla tristique, leo non dictum pharetra, metus nulla euismod sem, et iaculis orci diam at libero. Phasellus iaculis elementum nibh fringilla vehicula. Proin eget consequat tortor. Nam at nibh vitae libero vulputate venenatis feugiat a massa. Etiam sit amet felis non nunc bibendum hendrerit at quis est. Maecenas vel dui diam. Aliquam varius eros tellus, sit amet pharetra lectus pretium gravida. Donec ligula turpis, finibus non vestibulum a, facilisis eget massa.",2022-04-05 14:28:18
4,2,"From Jaws to Star Wars to Harry Potter: John Williams, 90 today, is our greatest living composer","Lorem ipsum dolor sit amet, consectetur adipiscing elit. Nunc id eleifend augue. Nunc id lacus vel urna blandit consequat sed nec neque. In non sapien quis elit accumsan eleifend. Suspendisse lacus enim, posuere vitae libero non, malesuada vehicula neque. Integer cursus bibendum diam at fermentum. Nulla tristique aliquam nunc, non vehicula nunc placerat nec. Cras vestibulum euismod nibh, sit amet facilisis nulla tempus vel. Pellentesque in convallis orci, sed gravida est. Morbi pellentesque sem vitae ultrices molestie. Vivamus dolor urna, aliquam sagittis pharetra ac, finibus vel nisl. Integer quis aliquet ligula, sed commodo nisi. Mauris sed ligula commodo, condimentum erat eleifend, consectetur risus. Donec at augue quis libero faucibus ultrices. Proin non magna efficitur sem semper fringilla a sed augue.  Nulla at nisl purus. Curabitur ut ex lobortis, fringilla enim sed, sagittis massa. Ut ut libero eu eros luctus tincidunt. Nulla mi odio, aliquam id nulla ac, molestie fermentum ligula. Pellentesque vitae orci condimentum sapien rutrum tincidunt. Nam sit amet sapien neque. Maecenas fermentum eros id vehicula vulputate. Proin malesuada tincidunt neque, nec condimentum velit ullamcorper eu. Nunc bibendum sagittis lorem quis euismod. Praesent non arcu a augue cursus eleifend quis at lectus. Sed dignissim posuere sapien eget rutrum. Donec ut blandit est, at commodo ante. Vestibulum sed elit egestas, commodo ligula malesuada, feugiat est. Suspendisse bibendum libero convallis, maximus ex nec, placerat lectus. Proin feugiat feugiat nulla ultrices faucibus.",2022-04-05 17:07:17
5,1,Kurt Cobain’s final days to be dramatised by Royal Opera Houseng,"Nulla at nisl purus. Curabitur ut ex lobortis, fringilla enim sed, sagittis massa. Ut ut libero eu eros luctus tincidunt. Nulla mi odio, aliquam id nulla ac, molestie fermentum ligula. Pellentesque vitae orci condimentum sapien rutrum tincidunt. Nam sit amet sapien neque. Maecenas fermentum eros id vehicula vulputate. Proin malesuada tincidunt neque, nec condimentum velit ullamcorper eu. Nunc bibendum sagittis lorem quis euismod. Praesent non arcu a augue cursus eleifend quis at lectus. Sed dignissim posuere sapien eget rutrum. Donec ut blandit est, at commodo ante. Vestibulum sed elit egestas, commodo ligula malesuada, feugiat est. Suspendisse bibendum libero convallis, maximus ex nec, placerat lectus. Proin feugiat feugiat nulla ultrices faucibus.",2022-04-05 21:48:10
7,3,Decoding the music masterpieces: Stravinsky’s The Firebird,"Pellentesque in convallis orci, sed gravida est. Morbi pellentesque sem vitae ultrices molestie. Vivamus dolor urna, aliquam sagittis pharetra ac, finibus vel nisl. Integer quis aliquet ligula, sed commodo nisi. Mauris sed ligula commodo, condimentum erat eleifend, consectetur risus. Donec at augue quis libero faucibus ultrices. Proin non magna efficitur sem semper fringilla a sed augue.  Nulla at nisl purus. Curabitur ut ex lobortis, fringilla enim sed, sagittis massa. Ut ut libero eu eros luctus tincidunt. Nulla mi odio, aliquam id nulla ac, molestie fermentum ligula. Pellentesque vitae orci condimentum sapien rutrum tincidunt. Nam sit amet sapien neque. Maecenas fermentum eros id vehicula vulputate. Proin malesuada tincidunt neque, nec condimentum velit ullamcorper eu. Nunc bibendum sagittis lorem quis euismod. Praesent non arcu a augue cursus eleifend quis at lectus. Sed dignissim posuere sapien eget rutrum. Donec ut blandit est, at commodo ante. Vestibulum sed elit egestas, commodo ligula malesuada, feugiat est. Suspendisse bibendum libero convallis, maximus ex nec, placerat lectus. Proin feugiat feugiat nulla ultrices faucibus.  Vivamus auctor efficitur velit, eu semper risus varius vel. Phasellus risus lorem, porttitor at elementum nec, aliquet a ex. Suspendisse potenti. Pellentesque dictum lectus eu turpis mattis, congue dictum justo iaculis. Cras vulputate accumsan nisl eget volutpat. Vestibulum ipsum urna, tristique eget quam a, suscipit sagittis turpis. Praesent libero orci, fermentum nec scelerisque varius, sodales scelerisque nisl.  Nulla tristique, leo non dictum pharetra, metus nulla euismod sem, et iaculis orci diam at libero. Phasellus iaculis elementum nibh fringilla vehicula. Proin eget consequat tortor. Nam at nibh vitae libero vulputate venenatis feugiat a massa. Etiam sit amet felis non nunc bibendum hendrerit at quis est. Maecenas vel dui diam.",2022-04-06 19:17:12
8,1,Wigmore Hall International String Quartet Competition opens tomorrow,"Lorem ipsum dolor sit amet, consectetur adipiscing elit. Nunc id eleifend augue. Nunc id lacus vel urna blandit consequat sed nec neque. In non sapien quis elit accumsan eleifend. Suspendisse lacus enim, posuere vitae libero non, malesuada vehicula neque. Integer cursus bibendum diam at fermentum. Nulla tristique aliquam nunc, non vehicula nunc placerat nec. Cras vestibulum euismod nibh, sit amet facilisis nulla tempus vel. Pellentesque in convallis orci, sed gravida est. Morbi pellentesque sem vitae ultrices molestie. Vivamus dolor urna, aliquam sagittis pharetra ac, finibus vel nisl. Integer quis aliquet ligula, sed commodo nisi. Mauris sed ligula commodo, condimentum erat eleifend, consectetur risus. Donec at augue quis libero faucibus ultrices. Proin non magna efficitur sem semper fringilla a sed augue.

Nulla at nisl purus. Curabitur ut ex lobortis, fringilla enim sed, sagittis massa. Ut ut libero eu eros luctus tincidunt. Nulla mi odio, aliquam id nulla ac, molestie fermentum ligula. Pellentesque vitae orci condimentum sapien rutrum tincidunt. Nam sit amet sapien neque. Maecenas fermentum eros id vehicula vulputate. Proin malesuada tincidunt neque, nec condimentum velit ullamcorper eu. Nunc bibendum sagittis lorem quis euismod. Praesent non arcu a augue cursus eleifend quis at lectus. Sed dignissim posuere sapien eget rutrum. Donec ut blandit est, at commodo ante. Vestibulum sed elit egestas, commodo ligula malesuada, feugiat est. Suspendisse bibendum libero convallis, maximus ex nec, placerat lectus. Proin feugiat feugiat nulla ultrices faucibus.

Vivamus auctor efficitur velit, eu semper risus varius vel. Phasellus risus lorem, porttitor at elementum nec, aliquet a ex. Suspendisse potenti. Pellentesque dictum lectus eu turpis mattis, congue dictum justo iaculis. Cras vulputate accumsan nisl eget volutpat. Vestibulum ipsum urna, tristique eget quam a, suscipit sagittis turpis. Praesent libero orci, fermentum nec scelerisque varius, sodales scelerisque nisl.

Nulla tristique, leo non dictum pharetra, metus nulla euismod sem, et iaculis orci diam at libero. Phasellus iaculis elementum nibh fringilla vehicula. Proin eget consequat tortor. Nam at nibh vitae libero vulputate venenatis feugiat a massa. Etiam sit amet felis non nunc bibendum hendrerit at quis est. Maecenas vel dui diam. Aliquam varius eros tellus, sit amet pharetra lectus pretium gravida. Donec ligula turpis, finibus non vestibulum a, facilisis eget massa.

Sed finibus ligula id arcu posuere venenatis. Sed in interdum quam. Praesent volutpat cursus justo, id molestie tellus. Vestibulum tincidunt sit amet elit sed aliquet. Maecenas euismod molestie elementum. Nunc suscipit felis nec egestas lobortis. Nulla ut turpis a elit efficitur elementum. Morbi tortor ante, gravida id enim nec, sagittis faucibus ligula. Aliquam bibendum rutrum nulla. Suspendisse vel varius nulla. Pellentesque libero eros, pretium vitae hendrerit vitae, semper ut ex.",2022-04-06 21:57:01
9,4,Early Music Television launches,"Vivamus auctor efficitur velit, eu semper risus varius vel. Phasellus risus lorem, porttitor at elementum nec, aliquet a ex. Suspendisse potenti. Pellentesque dictum lectus eu turpis mattis, congue dictum justo iaculis. Cras vulputate accumsan nisl eget volutpat. Vestibulum ipsum urna, tristique eget quam a, suscipit sagittis turpis. Praesent libero orci, fermentum nec scelerisque varius, sodales scelerisque nisl.

Nulla tristique, leo non dictum pharetra, metus nulla euismod sem, et iaculis orci diam at libero. Phasellus iaculis elementum nibh fringilla vehicula. Proin eget consequat tortor. Nam at nibh vitae libero vulputate venenatis feugiat a massa. Etiam sit amet felis non nunc bibendum hendrerit at quis est. Maecenas vel dui diam. Aliquam varius eros tellus, sit amet pharetra lectus pretium gravida. Donec ligula turpis, finibus non vestibulum a, facilisis eget massa.

Sed finibus ligula id arcu posuere venenatis. Sed in interdum quam. Praesent volutpat cursus justo, id molestie tellus. Vestibulum tincidunt sit amet elit sed aliquet. Maecenas euismod molestie elementum. Nunc suscipit felis nec egestas lobortis. Nulla ut turpis a elit efficitur elementum. Morbi tortor ante, gravida id enim nec, sagittis faucibus ligula. Aliquam bibendum rutrum nulla. Suspendisse vel varius nulla. Pellentesque libero eros, pretium vitae hendrerit vitae, semper ut ex.",2022-04-06 21:58:05
10,3,Franck: Complete Songs and Duets review – elegant and refined vocal works,"Lorem ipsum dolor sit amet, consectetur adipiscing elit. Nunc id eleifend augue. Nunc id lacus vel urna blandit consequat sed nec neque. In non sapien quis elit accumsan eleifend. Suspendisse lacus enim, posuere vitae libero non, malesuada vehicula neque. Integer cursus bibendum diam at fermentum. Nulla tristique aliquam nunc, non vehicula nunc placerat nec. Cras vestibulum euismod nibh, sit amet facilisis nulla tempus vel. Pellentesque in convallis orci, sed gravida est. Morbi pellentesque sem vitae ultrices molestie. Vivamus dolor urna, aliquam sagittis pharetra ac, finibus vel nisl. Integer quis aliquet ligula, sed commodo nisi. Mauris sed ligula commodo, condimentum erat eleifend, consectetur risus. Donec at augue quis libero faucibus ultrices. Proin non magna efficitur sem semper fringilla a sed augue.

Nulla at nisl purus. Curabitur ut ex lobortis, fringilla enim sed, sagittis massa. Ut ut libero eu eros luctus tincidunt. Nulla mi odio, aliquam id nulla ac, molestie fermentum ligula. Pellentesque vitae orci condimentum sapien rutrum tincidunt. Nam sit amet sapien neque. Maecenas fermentum eros id vehicula vulputate. Proin malesuada tincidunt neque, nec condimentum velit ullamcorper eu. Nunc bibendum sagittis lorem quis euismod. Praesent non arcu a augue cursus eleifend quis at lectus. Sed dignissim posuere sapien eget rutrum. Donec ut blandit est, at commodo ante. Vestibulum sed elit egestas, commodo ligula malesuada, feugiat est. Suspendisse bibendum libero convallis, maximus ex nec, placerat lectus. Proin feugiat feugiat nulla ultrices faucibus.",2022-04-06 21:59:33
