6,2,username,what is this,2022-04-06 11:42:21
7,2,agnese,"stibulum sed elit egestas, commodo ligula malesua :)))))))
",2022-04-06 13:35:43
10,3,AI,Proin eget consequat tortor. Nam at nibh vitae libero vulputate venenatis,2022-04-06 22:28:48
11,3,user,"Donec ligula turpis, finibus non vestibulum a, facilisis eget massa!!!!!",2022-04-06 22:29:14
12,8,violing,"Vivamus auctor efficitur velit, eu semper risus varius vel. Phasellus risus lorem, porttitor at elementum nec, aliquet a ex. Suspendisse potenti. Pellentesque dictum lectus eu turpis mattis, congue dictum justo iaculis.",2022-04-06 22:30:25
13,8,amazing!,"vitae hendrerit vitae, semper ut ex",2022-04-06 22:30:37
14,3,blues,Etiam sit amet felis non nunc bibendum,2022-04-07 15:39:40
15,10,Lorem,"aliquam sagittis pharetra ac, finibus vel nisl",2022-04-07 17:04:08
16,9,ipsum,"Nulla ut turpis a elit efficitur elementum. Morbi tortor ante, gravida id enim nec, sagittis",2022-04-07 17:04:30
17,7,firebird,et iaculis orci diam at libero,2022-04-07 17:05:44
18,5,kurt,unc bibendum sagittis lorem quis euismod. Praesent non arcu a augue,2022-04-07 17:06:06
19,4,harry,"Praesent non arcu a augue cursus eleifend quis at lectus. Sed dignissim posuere sapien eget rutrum. Donec ut blandit est, at commodo ante. Vestibulum sed elit egestas, commodo ligula malesuada",2022-04-07 17:06:27
20,1,Jacob,"Aliquam bibendum rutrum nulla. Suspendisse vel varius nulla. Pellentesque libero eros, pretium vitae hendrerit vitae",2022-04-07 17:07:56
